{
  "objects": {
    "car": {
      "position": {
        "X": 0.0,
        "Y": 0.0,
        "Z": -10.0
      },
      "parts": {
        "ceeling": {
          "origin": {
            "X": 0.0,
            "Y": 1.9,
            "Z": 0.0
          },
          "color": {
            "R": 0.81961,
            "G": 0.16078,
            "B": 0.11373,
            "A": 1
          },
          "vertices": [
            -1.0,
            0.05,
            1.5,
            1.0,
            0.05,
            1.5,
            1.0,
            0.05,
            -1.5,
            -1.0,
            0.05,
            -1.5,

            -1.0,
            -0.05,
            1.5,
            1.0,
            -0.05,
            1.5,
            1.0,
            -0.05,
            -1.5,
            -1.0,
            -0.05,
            -1.5

          ],
          "indices": [
            0,
            1,
            2,
            2,
            3,
            0,
            0,
            1,
            4,
            4,
            5,
            1,
            1,
            2,
            6,
            6,
            1,
            5,
            5,
            6,
            7,
            7,
            4,
            6,
            6,
            2,
            7,
            7,
            2,
            3,
            3,
            0,
            7,
            7,
            4,
            0
          ]
        },
        "windows": {
          "origin": {
            "X": 0.0,
            "Y": 1.45,
            "Z": 0.0
          },
          "color": {
            "R": 0.19608,
            "G": 0.64314,
            "B": 0.65882,
            "A": 1
          },
          "vertices": [
            -1.0,
            0.45,
            1.5,
            1.0,
            0.45,
            1.5,
            1.0,
            0.45,
            -1.5,
            -1.0,
            0.45,
            -1.5,

            -1.0,
            -0.45,
            1.5,
            1.0,
            -0.45,
            1.5,
            1.0,
            -0.45,
            -1.5,
            -1.0,
            -0.45,
            -1.5

          ],
          "indices": [
            0,
            1,
            2,
            2,
            3,
            0,
            0,
            1,
            4,
            4,
            5,
            1,
            1,
            2,
            6,
            6,
            1,
            5,
            5,
            6,
            7,
            7,
            4,
            6,
            6,
            2,
            7,
            7,
            2,
            3,
            3,
            0,
            7,
            7,
            4,
            0
          ]
        },
        "body": {
          "origin": {
            "X": 0.0,
            "Y": 0.0,
            "Z": 0.0
          },
          "color": {
            "R": 0.81961,
            "G": 0.16078,
            "B": 0.11373,
            "A": 1
          },
          "vertices": [
            -2.0,
            1.0,
            1.5,
            3.0,
            1.0,
            1.5,
            3.0,
            1.0,
            -1.5,
            -2.0,
            1.0,
            -1.5,

            -2.0,
            0.0,
            1.5,
            3.0,
            0.0,
            1.5,
            3.0,
            0.0,
            -1.5,
            -2.0,
            0.0,
            -1.5

          ],
          "indices": [
            0,
            1,
            2,
            2,
            3,
            0,
            0,
            1,
            4,
            4,
            5,
            1,
            1,
            2,
            6,
            6,
            1,
            5,
            5,
            6,
            7,
            7,
            4,
            6,
            6,
            2,
            7,
            7,
            2,
            3,
            3,
            0,
            7,
            7,
            4,
            0
          ]
        },
        "front-left-tire": {
          "origin": {
            "X": 1.50,
            "Y": -0.50,
            "Z": 1.25
          },
          "color": {
            "R": 0.10588,
            "G": 0.10980,
            "B": 0.10980,
            "A": 1
          },
          "vertices": [
            -0.50,
            0.50,
            0.25,
            0.50,
            0.50,
            0.25,
            0.50,
            0.50,
            -0.25,
            -0.50,
            0.50,
            -0.25,

            -0.50,
            -0.50,
            0.25,
            0.50,
            -0.50,
            0.25,
            0.50,
            -0.50,
            -0.25,
            -0.50,
            -0.50,
            -0.25

          ],
          "indices": [
            0,
            1,
            2,
            2,
            3,
            0,
            0,
            1,
            4,
            4,
            5,
            1,
            1,
            2,
            6,
            6,
            1,
            5,
            5,
            6,
            7,
            7,
            4,
            6,
            6,
            2,
            7,
            7,
            2,
            3,
            3,
            0,
            7,
            7,
            4,
            0
          ]
        },
        "front-right-tire": {
          "origin": {
            "X": 1.50,
            "Y": -0.50,
            "Z": -1.25
          },
          "color": {
            "R": 0.10588,
            "G": 0.10980,
            "B": 0.10980,
            "A": 1
          },
          "vertices": [
            -0.50,
            0.50,
            0.25,
            0.50,
            0.50,
            0.25,
            0.50,
            0.50,
            -0.25,
            -0.50,
            0.50,
            -0.25,

            -0.50,
            -0.50,
            0.25,
            0.50,
            -0.50,
            0.25,
            0.50,
            -0.50,
            -0.25,
            -0.50,
            -0.50,
            -0.25

          ],
          "indices": [
            0,
            1,
            2,
            2,
            3,
            0,
            0,
            1,
            4,
            4,
            5,
            1,
            1,
            2,
            6,
            6,
            1,
            5,
            5,
            6,
            7,
            7,
            4,
            6,
            6,
            2,
            7,
            7,
            2,
            3,
            3,
            0,
            7,
            7,
            4,
            0
          ]
        },
        "back-left-tire": {
          "origin": {
            "X": -1.00,
            "Y": -0.50,
            "Z": 1.25
          },
          "color": {
            "R": 0.10588,
            "G": 0.10980,
            "B": 0.10980,
            "A": 1
          },
          "vertices": [
            -0.50,
            0.50,
            0.25,
            0.50,
            0.50,
            0.25,
            0.50,
            0.50,
            -0.25,
            -0.50,
            0.50,
            -0.25,

            -0.50,
            -0.50,
            0.25,
            0.50,
            -0.50,
            0.25,
            0.50,
            -0.50,
            -0.25,
            -0.50,
            -0.50,
            -0.25

          ],