{
  "objects": {
    "house": {
      "position": {
        "X": 1.0,
        "Y": 0.0,
        "Z": -2.0
      },
      "parts": {
        "wall": {
          "origin": {
            "X": 0.0,
            "Y": -0.2,
            "Z": 0.0
          },
          "color": {
            "R": 0.08627451,
            "G": 0.4392157,
            "B": 0.54509807,
            "A": 1
          },
          "vertices": [
            -0.4,
            -0.4,
            0.5,
            0.4,
            -0.4,
            0.5,
            0.4,
            0.4,
            0.5,
            -0.4,
            0.4,
            0.5,

            -0.4,
            -0.4,
            -0.5,
            0.4,
            -0.4,
            -0.5,
            0.4,
            0.4,
            -0.5,
            -0.4,
            0.4,
            -0.5
          ],
          "indices": [
            0,
            1,
            2,
            2,
            3,
            0,
            0,
            4,
            1,
            1,
            5,
            4,
            4,
            7,
            0,
            0,
            3,
            7,
            7,
            3,
            2,
            2,
            6,
            7,
            7,
            6,
            4,
            4,
            5,
            6,
            6,
            2,
            1,
            1,
            5,
            6
          ]
        },
        "roof": {
          "origin": {
            "X": 0.0,
            "Y": 0.45,
            "Z": 0.0
          },
          "color": {
            "R": 0.8117647,
            "G": 0.28235295,
            "B": 0.16862746,
            "A": 1
          },
          "vertices": [
            -0.50,
            -0.25,
            0.50,
            0.50,
            -0.25,
            0.50,
            0.00,
            0.25,
            0.50,

            -0.50,
            -0.25,
            -0.50,
            0.50,
            -0.25,
            -0.50,
            0.00,
            0.25,
            -0.50
          ],
          "indices": [
            0,
            1,
            2,
            1,
            4,
            5,
            5,
            2,
            1,
            1,
            4,
            3,
            3,
            1,
            0,
            0,
            3,
            2,
            2,
            3,
            5,
            5,
            3,
            4
          ]
        },
        "door": {
          "origin": {
            "X": -0.10,
            "Y": -0.40,
            "Z": 0.51
          },
          "color": {
            "R": 0.46666667,
            "G": 0.02745098,
            "B": 0.03529412,
            "A": 1
          },
          "vertices": [
            0.0,
            -0.2,
            0.0,
            0.2,
            -0.2,
            0.0,
            0.2,
            0.2,
            0.0,
            0.0,
            0.2,
            0.0
          ],
          "indices": [
            0,
            1,
            2,
            2,
            3,
            0
          ]
        }
      }
    },
    "car": {
      "position": {
        "X": -4.0,
        "Y": 0.0,
        "Z": -10.0
      },
      "parts": {
        "ceeling": {
          "origin": {
            "X": 0.0,
            "Y": 1.9,
            "Z": 0.0
          },
          "color": {
            "R": 0.81961,
            "G": 0.16078,
            "B": 0.11373,
            "A": 1
          },
          "vertices": [
            -1.0,
            0.05,
            1.5,
            1.0,
            0.05,
            1.5,
            1.0,
            0.05,
            -1.5,
            -1.0,
            0.05,
            -1.5,

            -1.0,
            -0.05,
            1.5,
            1.0,
            -0.05,
            1.5,
            1.0,
            -0.05,
            -1.5,
            -1.0,
            -0.05,
            -1.5

          ],
          "indices": [
            0,
            1,
            2,
            2,
            3,
            0,
            0,
            1,
            4,
            4,
            5,
            1,
            1,
            2,
            6,
            6,
            1,
            5,
            5,
            6,
            7,
            7,
            4,
            6,
            6,
            2,
            7,
            7,
            2,
            3,
            3,
            0,
            7,
            7,
            4,
            0
          ]
        },
        "windows": {
          "origin": {
            "X": 0.0,
            "Y": 1.45,
            "Z": 0.0
          },
          "color": {
            "R": 0.19608,
            "G": 0.64314,
            "B": 0.65882,
            "A": 1
          },
          "vertices": [
            -1.0,
            0.45,
            1.5,
            1.0,
            0.45,
            1.5,
            1.0,
            0.45,
            -1.5,
            -1.0,
            0.45,
            -1.5,

            -1.0,
            -0.45,
            1.5,
            1.0,
            -0.45,
            1.5,
            1.0,
            -0.45,
            -1.5,
            -1.0,
            -0.45,
            -1.5

          ],
          "indices": [
            0,
            1,
            2,
            2,
            3,
            0,
            0,
            1,
            4,
            4,
            5,
            1,
            1,
            2,
            6,
            6,
            1,
            5,
            5,
            6,
            7,
            7,
            4,
            6,
            6,
            2,
            7,
            7,
            2,
            3,
            3,
            0,
            7,
            7,
            4,
            0
          ]
        },
        "body": {
          "origin": {
            "X": 0.0,
            "Y": 0.0,
            "Z": 0.0
          },
          "color": {
            "R": 0.81961,
            "G": 0.16078,
            "B": 0.11373,
            "A": 1
          },
          "vertices": [
            -2.0,
            1.0,
            1.5,
            3.0,
            1.0,
            1.5,
            3.0,
            1.0,
            -1.5,
            -2.0,
            1.0,
            -1.5,

            -2.0,
            0.0,
            1.5,
            3.0,
            0.0,
            1.5,
            3.0,
            0.0,
            -1.5,
            -2.0,
            0.0,
            -1.5

          ],
          "indices": [
            0,
            1,
            2,
            2,
            3,
            0,
            0,
            1,
            4,
            4,
            5,
            1,
            1,
            2,
            6,
            6,
            1,
            5,
            5,
            6,
            7,
            7,
            4,
            6,
            6,
            2,
            7,
            7,
            2,
            3,
            3,
            0,
            7,
            7,
            4,
            0
          ]
        },
        "front-left-tire": {
          "origin": {
            "X": 1.50,
            "Y": -0.50,
            "Z": 1.25
          },
          "color": {
            "R": 0.10588,
            "G": 0.10980,
            "B": 0.10980,
            "A": 1
          },
          "vertices": [
            -0.50,
            0.50,
            0.25,
            0.50,
            0.50,
            0.25,
            0.50,
            0.50,
            -0.25,
            -0.50,
            0.50,
            -0.25,

            -0.50,
            -0.50,
            0.25,
            0.50,
            -0.50,
            0.25,
            0.50,
            -0.50,
            -0.25,
            -0.50,
            -0.50,
            -0.25

          ],